"Task ID","Task Name","SPACE ID (short text)","Address (short text)","GST Plan - Pricing  (currency)","BR Plan - Pricing  (currency)","Mailing Plan - Pricing (currency)","Coworking / Month (currency)","Map Link (url)","Location (labels)","Contact Person Name (short text)","Phone Number (short text)","Alternate Phone (phone)","Photos and media (attachment)","Services (text)","Notes  (text)","Email (email)","Supporting Documents (attachment)","Sample Agreement (attachment)"
"86cz75rcg","Workzone - Ahmedabad","FSAMD04","World Trade Tower, Makarba, Ahmedabad, Gujarat 380051, India",13000,13000,8000,5500,"https://maps.app.goo.gl/TRSqTfzETEihHHNb6","[Ahmedabad]","Aditya ","+91 96623 23623","","https://t1851686.p.clickup-attachments.com/t1851686/ef1cd7a3-32de-46d6-bf87-f99ee289cca2/Space%20Images%20-%20Makarba%20-%20Ahmedabad%20(1).pdf","Gst and BR - 8.5k
Mailing - 5k

We Get Coworking for:-
dedicated desk: 6000+gst/per month
meeting room:700+gst/per hour
notary charges:1250
esign is acceptable but physical sign is also needed

","","","",""
"86d07t98n","Task Alley Rentals LLP","FSAMD03","2HV6+3MX, Maganbhai Barot Marg, Amrutbagh Colony, Sadhna Colony, Hindu Colony, Navrangpura, Ahmedabad, Gujarat 380009, India",14000,15000,9000,6000,"https://maps.app.goo.gl/6EAVpwSTJT1Qhy9w7","[Ahmedabad]","IYENGAR PK  ","+91 94270 68542","","","7.5K+ 2k  documentation - GST Plan
8.5k +2k documentation - BR Plan
6k - Mailing Address 
25k -Dedicated Desk Plan

","","","https://t1851686.p.clickup-attachments.com/t1851686/8000d8a8-cc37-471a-ad08-5ac419826bf5/BILL%20NO.%20158.pdf
https://t1851686.p.clickup-attachments.com/t1851686/9a0b6b47-27b7-43d9-ace9-cf6d3d231f54/05%20TORRENT%20POWER%20-%20MAY%202025%20BILL%20AMT.%201740%20(1).pdf
https://t1851686.p.clickup-attachments.com/t1851686/f7ff74d2-c3bf-4e59-b659-d357a6528140/05%20TORRENT%20POWER%20-%20MAY%202025%20BILL%20AMT.%201740%20-%20RECEIPT%20(1).pdf
https://t1851686.p.clickup-attachments.com/t1851686/e388c6bf-d147-4aa0-9c2c-c62c1c82eb18/002%20AMC%20PROPERTY%20TAX%20BILL%20FOR%20APRIL%2C%202025%20TO%20MARCH%202026.pdf
https://t1851686.p.clickup-attachments.com/t1851686/bca9a22b-71ad-4497-a3b9-90c5e1f62d40/08%20AUTHORITY%20LETTER%20FROM%20A%20C%20INDUSTRIES.pdf
https://t1851686.p.clickup-attachments.com/t1851686/b9092b26-664c-406c-90c8-b2619730c645/BILL%20NO.%20158.pdf
https://t1851686.p.clickup-attachments.com/t1851686/e9be5033-5f12-4e6a-9afe-80ec20272c6e/REGISTERED%20RENT%20AGREEMENT%20BETWEEN%20TASK%20ALLEY%20RENTALS%20LLP%20AND%20A.C.%20INDUSTRIES%20(2)%20(1).pdf","https://t1851686.p.clickup-attachments.com/t1851686/a65cc875-bb3b-4533-bd74-8266138ed7f6/VG533%20NEXTCYCLE%20TRADERS.docx"
"86d07t9db","Sweet Spot Spaces","FSAMD02","Office No 4-D fourth, Vardaan Complex, Tower, Lakhudi Rd, near SARDAR PATEL STADIUM, Vithalbhai Patel Colony, Nathalal Colony, Navrangpura, Ahmedabad, Gujarat 380009, India",14000,16000,10000,6000,"https://maps.app.goo.gl/6EAVpwSTJT1Qhy9w7","[Ahmedabad]","RASHMIKANT  G.  DAVE","+91 9998615652","","https://t1851686.p.clickup-attachments.com/t1851686/b69f9e4a-ef17-4f50-a6d3-f44d77817e96/SWEET.SPOTSPACES%20(1).pdf","CWS - 8k+ GST + 2K
GST -  6K+ GST + 2k Notary 
BR - 10k+Gst+2k Notary 

We get coworking space for:
open desk: 6,000+gst/per month
cabin: 15,000+gst/per month (3-4 sitting)
meeting room: not availabale
esign not accepted 

","We shall provide 5% discount if more than 05 booking provided during any calendar month and 10% discount if more than 10 booking provided during any calendar month
1.An agreement  and  NOC from their side for GST Registration
2. Copy of their agreement with their landlord and their NOC for sub letting the virtual space.
3. Latest Electricity Bill
4. Tax Bill and Tax receipt
5. Index copy of the place

","sweetspotspaces@gmail.com","",""
"86d1t53ny","RegisterKaro","FSAMD01","Block-A, 606 Prahladnagar Trade Center, B/H Titanium City Center, Vejalpur, Ahmedabad, Gujarat, 380051",11000,12000,10000,"","https://www.google.com/search?q=registerkaro+ahemdabad+ahmedabad&rlz=1C1CHMD_enIN1135IN1135&oq=RegisterKaro&gs_lcrp=EgZjaHJvbWUqBggCEEUYOzIGCAAQRRg5Mg0IARAuGK8BGMcBGIAEMgYIAhBFGDsyBwgDEAAYgAQyBwgEEAAYgAQyBwgFEAAYgAQyBwgGEAAYgAQyBwgHEAAYgAQyBwgIEAAYgAQyBwgJEAAYgATSAQkzNDg0ajBqMTWoAgiwAgHxBb0iGFEkPUaL8QW9IhhRJD1Giw&sourceid=chrome&ie=UTF-8","[Ahmedabad]","Rupesh","92117 05920","","https://t1851686.p.clickup-attachments.com/t1851686/63cb4e79-6f6c-4120-a535-807b1e4915dc/Gujarat%20Vo.pdf","GST - 7000+ GST 
BR - 8000 + GST
","","rupeshrai@registerkaro.com","",""
"86cz75rbt","IndiraNagar - Aspire Coworks","FSBLR01","17, 7th Main Rd, Indira Nagar II Stage, Hoysala Nagar, Indiranagar, Bengaluru, Karnataka 560038, India",10000,10000,8000,6000,"https://maps.app.goo.gl/5WjkcvvbTVD21Utf8","[Bangalore]","Amrutha ","+91 97410 06431","","https://t1851686.p.clickup-attachments.com/t1851686/4d10f8ea-2efc-487b-a04a-bf1c0ea60f6c/IndiraNagar%20Space%20-%20FoCus.pdf
https://t1851686.p.clickup-attachments.com/t1851686/7d71a36c-aeae-499f-a2f0-acf75c96369e/Leave%20%26%20Licence%20Agreement%20from%20Occupier%20-%20BR.pdf","Gst and BR - 6k
Mailing - 5k
Permanent signage board - 4 inches and 12 inches - 1700 + gst
we get coworking for:
open desk: 5500+gst
cabin:6,500+gst/per seat per month
meeting room:450+gst/per hour 
daypass: 500+gst(10-5pm)
e-sign is acceptable 

","","aspirecoworkings@gmail.com","https://t1851686.p.clickup-attachments.com/t1851686/cbbde1b2-1a97-4e09-a892-0c211519a64d/GST%20Certificate_Aspire.pdf
https://t1851686.p.clickup-attachments.com/t1851686/39ce40cd-856c-4cff-a2a5-b8db1eb6c53d/Cancelled%20Cheque%20Aspire.pdf
https://t1851686.p.clickup-attachments.com/t1851686/de19bf60-2352-4b63-9d6e-2f1a1848fb53/Ack%20Registration%20Firm%20-%20Aspire%20Coworks.pdf
https://t1851686.p.clickup-attachments.com/t1851686/5bfc0d62-5754-4da2-b0b4-a3ae3b644ada/ASPIRE%20COWORKS%20LEASE%20AGREEMENT%20(wit)%20.pdf","https://t1851686.p.clickup-attachments.com/t1851686/3411b27b-0248-4664-8e67-474d4aa9b023/Leave%20%26%20Licence%20Agreement%20from%20Occupier%20-%20GR.docx"
"86d01wb66","Koramangala - Aspire Coworks","FSBLR02","2nd & 3rd Floor, Balaji Arcade, 472/7, 20th L Cross Rd, 4th Block, Koramangala, Bengaluru, Karnataka 560095, India",12000,12000,8000,7000,"https://maps.app.goo.gl/mR6CryxszE2dN5FCA","[Bangalore]","Amrutha","+91 97410 06431","","https://t1851686.p.clickup-attachments.com/t1851686/a797dc28-a574-4361-9ceb-90d7ad8f2139/kormangala.pdf","Gst and BR - 6k
Mailing - 5k

we get coworking for:
open desk: 6500+gst
cabin: 7,500+gst/per seat per month = 23000+GST/ Month 
meeting room:450+gst/per hour 
daypass: 500+gst(10-5pm)
e-sign is acceptable 
Conference room : 450+gst/per hour
","","aspirecoworkings@gmail.com","https://t1851686.p.clickup-attachments.com/t1851686/57ac24dc-07de-4d72-a391-176a65c746b8/HKMP%C2%A0Enterprises.pdf
https://t1851686.p.clickup-attachments.com/t1851686/6a9ccb63-f3b2-40fb-99ba-a9984c6bd15a/INTERNET%20BILL'S%20FILE.pdf
https://t1851686.p.clickup-attachments.com/t1851686/b4226828-2359-4d5c-87f8-5862fc29e97e/NOC%20from%20Aspire.docx
https://t1851686.p.clickup-attachments.com/t1851686/593399c7-e8fb-4fbb-9259-ae94f0271358/NOC%20from%20LL.pdf
https://t1851686.p.clickup-attachments.com/t1851686/8ce09692-1a02-464d-ade7-8a35fee6e0ac/Master%20Agreement%20-%20LL.pdf","https://t1851686.p.clickup-attachments.com/t1851686/50e8220d-afe5-409f-923f-76c834efaced/Leave%20%26%20Licence%20Agreement%20from%20Occupier%20-%20BR.docx"
"86d078j8z","EcoSpace - Hebbal, HMT Layout","FSBLR05","No,33, 4th Floor, 1st Main, CBI Main Rd, HMT Layout, Ganganagar, Bengaluru, Karnataka 560032, India",10000,10000,8000,6000,"https://maps.app.goo.gl/nVKAsuUkC3w2Es8U9","[Bangalore]","Deepshika Prajapati","+91 99022 03312","","https://t1851686.p.clickup-attachments.com/t1851686/e489c601-322e-4cdb-9e49-b0dd026f13ec/Hebbal%20-%20HMT%20Layout%20-%20Space.pdf","GST Registration - 5K
Business Registration  ( GST and MCA Both ) - 5.5k
Mailing Address - 4k
Meeting Room -500 p/h

we get co working for:
open desk: 7000+gst-meeting room: 2hrs/month, cabin: 4 hrs/month
cabin: 8000+gst/per seat per month
meeting room:500+gst/per hour| 2000+gst(for whole day)
day pass: 600+gst
e-sign is acceptable
CABIN 5 seater: 30,000+gst


","","ecospaceblr@gmail.com","https://t1851686.p.clickup-attachments.com/t1851686/11bc6bf8-7904-414f-b520-8e0fc9d35f2d/BBMP%20Tax%20Paid.pdf
https://t1851686.p.clickup-attachments.com/t1851686/8a4b0088-d584-4f5c-8abe-25fe56abaadc/Crystal%20Monica%20Aadhar%20and%20pan.pdf
https://t1851686.p.clickup-attachments.com/t1851686/11709781-726d-4937-8a17-1a9f1e2f3fa4/Eco%20Space%20Agreement%20.pdf
https://t1851686.p.clickup-attachments.com/t1851686/747937c8-c5a1-41ee-95fb-c791387f9906/Electric%20Bill%2001-06-2025.pdf","https://t1851686.p.clickup-attachments.com/t1851686/47f8a289-7f81-46d8-8fe0-4f1cc0d7ae65/Agreement%20Draft%20New%20(1).docx"
"86d0w20qv","Laksh Space - Hebbal, HMT layout","FSBLR03","No,33, 1st Floor, 1st Main, CBI Main Rd, HMT Layout, Ganganagar, Bengaluru, Karnataka 560032, India",10000,10000,8000,6000,"https://www.google.com/maps/dir//No+33+,1st+Floor,1st+Main,+CBI+Main+Rd,+HMT+Layout,+Gramatana,+Bengaluru,+Karnataka+560032/@13.0264528,77.5085707,12z/data=!4m8!4m7!1m0!1m5!1m1!1s0x3bae17337305a2ef:0x858ca216ec358af1!2m2!1d77.5909726!2d13.0264658?entry=ttu&g_ep=EgoyMDI1MTEwMi4wIKXMDSoASAFQAw%3D%3D","[Bangalore]","","9036395566/7204910856","","https://t1851686.p.clickup-attachments.com/t1851686/2ccae024-b82b-482d-9c10-20995b911e20/hebbal.location.pdf","4,500 for GST Registration Package
5,000 for Business Registration 
per seat 6,500 + GST  coworking 
meeting cabin - 12,000 +gst per month (2 seater)
meeting cabin - 36,000+gst (6 seater)
Meeting room per day: 1/2 hr per seat per month
Meeting room per hour : 750/hour

","","Lakshspaceblr@gmail.com","","https://t1851686.p.clickup-attachments.com/t1851686/bcc23e75-1dd8-4fe9-a1f3-9a56224c6c91/Laksh%20Space%20Agreement%20.pdf"
"86d1t53u5","RegisterKaro","FSBLR04","Unit 101, Oxford Towers, No. 139 Old Airport Road, Bengaluru-560008 ",10000,11000,"","","","[Bangalore]","Rupesh","92117 05920","","https://t1851686.p.clickup-attachments.com/t1851686/6c0bad57-9bc1-4b2b-9882-69558a38ee9e/Bangalore%20Vo.pdf","GST - 6000+ GST 
BR - 7000 + GST
","","rupeshrai@registerkaro.com","",""
"86d235r3y","SIERRA CARTEL","","","","","","","","[Bangalore]","","","","","","","","",""
"86d08jh50","WorkYard CWS","FSCND01","Plot No 337, Phase, 2, Industrial Area Phase II, Chandigarh, 160002, India",16000,18000,"",8000,"http://google.com/maps?ll=30.698397,76.784799&z=16&t=m&hl=en&gl=IN&mapclient=embed&cid=8859392481383081274","[Chandigarh]","Hemant Goyal ","6283381098/6283381092","","https://t1851686.p.clickup-attachments.com/t1851686/b84f8496-8d66-49f0-9e90-8086f2bf8747/Chandigarh.pdf","VO GST is 10,000 + GST
 VO BR is 10,500 + GST
Mailing - 8400

we get coworking for:
dedicated desk: 4500+gst/monthly
private desk: 5500+gst/monthly
floating desk: 4000+gst/montly
serviced private team cabin: 48000+gst/montly 8 seater
serviced private team cabin:24000+gst/monthly 4 seater 
serviced private team cabin: 18,000+gst/monthly 2 seater 
day pass : 400 +gst
meeting pods : 200+gst/ hourly (4-5 seater)
hourly pass : 100+gst
","","accounts@goyco.org","https://t1851686.p.clickup-attachments.com/t1851686/24043c56-801f-4fa9-b932-e4f9057ed3fc/NOC%20for%20GST%20(PRACTINA%20INDIA%20PVT%20LTD)%20(1).pdf
https://t1851686.p.clickup-attachments.com/t1851686/fd48c107-a1da-431f-8598-3140acd6d2b1/Declaration%20of%20Coworking%20(PRACTINA%20INDIA%20PVT%20LTD)%20(1).pdf
https://t1851686.p.clickup-attachments.com/t1851686/6a1a5e03-606d-4d7a-9753-4273580c8f44/practina%20india%20Notarized%20Agreement.pdf","https://t1851686.p.clickup-attachments.com/t1851686/ff2717fb-aa04-4732-9115-7c8084b218f9/Virtual%20Office%20Agreement%20(Fillable%20Form).docx"
"86d0dh7vv","Senate Space","FSCHN01","W-126, 3rd Floor, 3rd Ave, Anna Nagar, Chennai, Tamil Nadu 600040, India",14000,14000,9000,6500,"https://www.google.com/maps/place/Senate+Space/@13.0883669,80.2152799,17z/data=!3m1!4b1!4m6!3m5!1s0x3a526424513aab9d:0x924a769fbc797c5b!8m2!3d13.0883669!4d80.2178548!16s%2Fg%2F11gf62j8rh?entry=ttu&g_ep=EgoyMDI1MDkyMS4wIKXMDSoASAFQAw%3D%3D","[Chennai]","Munwar Sharif","+91 99406 27628","","https://t1851686.p.clickup-attachments.com/t1851686/ebadd624-cae2-4da1-8628-f16777a887df/chennai-senate.pdf","GST and BR - 9.5k
Mailing Address - 6k

we get coworking for:
open desk: 8000+gst
3 seater cabin 20,000+gst 
meeting room:250+gst/per hour [6 hours complimentary]
Meeting room (8 seater) - For 2 hours 1000
day pass: 500+gst
e-sign is acceptable 
notary- 2000

","","senatecmo@gmail.com","",""
"86cz75rag","WBB Office","FSCHN02","Room no 1 No. 19, Metro Station, 35, Anna Salai, near Little Mount, Little Mount, Nandanam, Chennai, Tamil Nadu 600015, India",12000,12000,8000,7000,"https://maps.app.goo.gl/ufFjMfkYXBY87eCM7","[Chennai]","Belsy","+91 77360 78198","","https://t1851686.p.clickup-attachments.com/t1851686/e71af478-7739-4850-8bcc-16c9978a399a/Chennai-Wbb.pdf","Gst and BR - 8k
Mailing - 6k
","","","","https://t1851686.p.clickup-attachments.com/t1851686/9c0b9c5b-c27c-4652-97d3-042261702a5e/V%20384%20AJAY%20KUMAR%20KALRA%20DRAFT.docx"
"86d08jdwd","Qube Spaces","FSCTH01","QUBE, Dhruv Banerjee Pathlab, 97, TP Nagar Rd, in front of New Delhi Sweets, Indira Commercial Complex, Korba, Transport Nagar, Chhattisgarh 495677, India",16000,16000,"",7000,"https://maps.app.goo.gl/gLCfNgZYTsVYVij66","[Chhattisgarh]","Anuvrat Jain","7828175700, 9074990900","","https://t1851686.p.clickup-attachments.com/t1851686/5ef73095-0d66-4fdc-8fa8-da936d59d8e0/Chattisgarh.location.pdf","xVirtual Office : 8900 for a year
Permanent Signage : 3000 for agreement duration
Flexi desk : 5000 for a Month
Dedicated Desk : 8000 for a month
Private Office (4 seater) : 15000 for a month
Private Office (6 seater) : 18000 for a month
Meeting Room (12 seater) : 800 for an hour
Event Space (30 seater) : 1500 for an hour
","","cc_krb@rediffmail.com","https://t1851686.p.clickup-attachments.com/t1851686/c05bda16-92eb-437c-be4a-5afdb7b69744/Electricity_bill_Anju_Jain.jpg
https://t1851686.p.clickup-attachments.com/t1851686/fbd53107-9eb3-41e1-a41f-317eefdc06ed/Property_tax_receipt_July_24.jpg","https://t1851686.p.clickup-attachments.com/t1851686/9f94123c-adc7-40e6-9402-05f0e6ae67f6/Agreement_V-28.docx"
"86cz75re9","Stirring Minds","FSDL01","Kundan Mansion, 2-A/3, Asaf Ali Rd, Turkman Gate, New Delhi, Delhi, 110002, India ",9600,12000,8000,5000,"https://maps.app.goo.gl/SyLe3zm9AjkbAPdH6","[Delhi]","Pratik Dey","+91 60021 11457","","https://t1851686.p.clickup-attachments.com/t1851686/494240a7-4b4e-4985-a76a-9d4ba6023825/Delhi%20Space%20Image%20-%20CP%20(1)%20(2).pdf
https://t1851686.p.clickup-attachments.com/t1851686/478b99ec-52eb-4209-a610-da610fadcc3b/Delhi%20Near%20CP%20Video.mp4","Virtual office 
VO dedicated desk plan: 40,000/11 months
Virtual office: 12,000/11 months - GST and BR
Mailing: 8k
Coworking
Dedicated desk: 6,000/month
Cabin: 25,000/month
Conference room: 2,000/hour
Meeting room: 700/hour
","","","","https://t1851686.p.clickup-attachments.com/t1851686/0193ce44-d4f8-4839-9bf5-7e45ec4edf45/SAMPLE%20AGREEMENT%20(1).pdf"
"86cz75trf","CP Alt F","FSDL02","J6JF+53C, Connaught Lane, Barakhamba, New Delhi, Delhi 110001, India",32000,32000,18000,15000,"https://maps.app.goo.gl/qqDpQAtLcqcs7AWCA","[Delhi]","Karan","+91 98215 40062","","https://t1851686.p.clickup-attachments.com/t1851686/68f33d88-5c1e-41c0-887a-cf402a24de58/Stateman%20House%20-%20Cp%20-%20Images%20.pdf","















































































Gst and BR - 30K
Mailing- 15k
Meeting room  1,000/hour
","","","",""
"86cz75u20","Vision Cowork","","Lower Ground Floor, Saket Salcon, Rasvilas, next to Select Citywalk Mall, Saket District Centre, District Centre, Sector 6, Pushp Vihar, Mal, New Delhi, Delhi 110017, India",18000,18000,10000,6000,"https://maps.app.goo.gl/bDFEUkQNTL9jP5iM7","[Delhi]","Mohit","+91 98710 01079","","https://t1851686.p.clickup-attachments.com/t1851686/873f15b6-4d76-4856-acb7-a8df529eaeaf/Delhi%20-%20Images%20-%20Saket%20(2).pdf","Gst and BR - 6.5k
Mailing - 5k
","","virtualxcelsolutions@gmail.com","",""
"86d01v4w4","Mytime Cowork","FSDL06","55 Lane-2, Westend Marg, Saiyad Ul Ajaib Village, Saket, New Delhi, Delhi 110030, India",12000,12000,10000,5500,"https://maps.app.goo.gl/2nAhfwUgDdwrej4PA","[Delhi]","","+91 83689 90788","+91 92118 15361","https://t1851686.p.clickup-attachments.com/t1851686/4302c7cb-fc65-405c-8a76-2dfdf2058bb7/mytime.pdf","GST and BR -6K
Mailing - 5k
","","","",""
"86cz75r6k","Okhla Alt F","FSDL03","101, NH-19, CRRI, Ishwar Nagar, Okhla, New Delhi, Delhi 110044, India",30000,32000,15000,8000,"https://maps.app.goo.gl/5XgenoeB2Tz1LgRx7","[Delhi]","Divya","+91 98215 73002","","https://t1851686.p.clickup-attachments.com/t1851686/b65094b5-a8d8-4a5f-aae4-ed58be568732/Okhla%20Space%20Image%20.pdf","
Gst and BR - 30k
Mailing - 15k

we get coworking for:
open desk: 8,000
cabin:8kper seat x no.of required seats
day pass:500+gst
meeting room: 100/per seat per hour


","","","",""
"86d01wet7","WBB Office","","Office no. 102, 52A first floor, Vijay Block, Block E, Laxmi Nagar, Delhi, 110092, India",14000,14000,9000,6000,"https://maps.app.goo.gl/hgDYxiCsZCurLMBi8","[Delhi]","Belsy","+91 77360 78198, +919048015004","","https://t1851686.p.clickup-attachments.com/t1851686/e156441f-1732-42b3-ba7e-a39abd7e826c/Delhi-WBB.pdf","Gst and BR - 8k
Mailing - 6k 
","","Info@wbboffice.com","",""
"86d0dgy4v","Budha Coworking Spaces","","3rd floor, H.no 33, Pocket 5, Sector-24, Rohini, Delhi, 110085, India","","","",4000,"https://www.google.com/maps/place/CoWorking+Space+-+Buddha+Office+Space/@28.7268158,77.0733491,16z/data=!4m10!1m2!2m1!1sbuddha+coworking+space!3m6!1s0x390d03927b1efb53:0x2b19dff6f4cb5c93!8m2!3d28.7268158!4d77.0821038!15sChZidWRkaGEgY293b3JraW5nIHNwYWNlkgEPY293b3JraW5nX3NwYWNlqgFbEAEqGiIWYnVkZGhhIGNvd29ya2luZyBzcGFjZSgAMh8QASIb8_L8DPdWrjG9dO0OIaZnEn_a1Sj_ak_wy4KfMhoQAiIWYnVkZGhhIGNvd29ya2luZyBzcGFjZeABAA!16s%2Fg%2F11lp7cg2s8?entry=ttu&g_ep=EgoyMDI1MDkyMS4wIKXMDSoASAFQAw%3D%3D","[Delhi]","Sandeep Dahiya ","+91 95829 08218","","","Open Desks - 3k 

","","sam.602825@gmail.com","",""
"86d0eacta","Work & Beyond","FSDL09","E-518 first floor Kocchar plaza near Ramphal Chowk dwarka  sector 7, Block E, Palam Extension, Palam, Delhi, 110077, India",12000,12000,"",5000,"https://maps.app.goo.gl/2vPpxxhgQQnUwgxH9","[Delhi]","","+91 88008 07438","","https://t1851686.p.clickup-attachments.com/t1851686/dd817fda-c597-4675-8137-bdae2484e122/dwarka%20location.pdf","GST and BR - 7,000+gst/11months for now
seat plan - 3,500 + gst/seat month 
cabin (minimum for 2 seat)- 5,000 + gst/month(seating capacity of 4)

","","fnsskillacademy@gmail.com","https://t1851686.p.clickup-attachments.com/t1851686/8fe54d14-290b-4397-998f-aba7481bf8e8/NOC%20(1)%20flash%20space.docx","https://t1851686.p.clickup-attachments.com/t1851686/f5d8eb22-5ecf-408f-82a3-0103ab87cf77/agreement%20Flash%20Space.docx"
"86d0eactg","Getset Spaces","FSDL04","3rd Floor, LMR House, S-16, Block C, Green Park Extension, Green Park, New Delhi, Delhi 110016, India",12000,10000,8000,4000,"https://maps.app.goo.gl/SKCNoRj2oQgCHPDK8","[Delhi]","","+91 9220140038","","https://t1851686.p.clickup-attachments.com/t1851686/acb1b528-d85a-4049-9338-dd75f5ef4460/green%20park%20extension.pdf","Flexible seats @ 9,000/- per month
Dedicated seat @ 10,000/- per month
Cabin Seat @ 10,000/- per month
BR and GST : 6k+GST/ Year 
Permeant signage : 5k+gst / Year 
Open Desk: 8k / per seat / Month (Negotiable, depending on no. of seats ) 
(Can also offer office set up system with 30 to 40 seats at a negotiable charges )  
30,000+GST / month 3 seater 
80,000+GST / month 8 seats Conference Room 
","","accounts@getsetoffice.com","",""
"86d0qn23y","Sanogic Coworking Space","FSDL08","Unit No. - 111, Aggarwal City Square, Plot No. 10, District Centre  Manglam Place, Sector-3, Rohini, New Delhi - 110085",14000,14000,"",5500,"https://www.google.com/maps/place/28%C2%B041'56.3%22N+77%C2%B006'54.9%22E/@28.6989748,77.1126788,17z/data=!3m1!4b1!4m4!3m3!8m2!3d28.6989748!4d77.1152537?hl=en&entry=ttu&g_ep=EgoyMDI1MTAyMi4wIKXMDSoASAFQAw%3D%3D","[Delhi]","Vishwajeet ","9873715670, 8810245259","","https://t1851686.p.clickup-attachments.com/t1851686/020d950e-410d-488c-ae08-1e617e71ae5a/WhatsApp%20Unknown%202025-11-12%20at%2012.31.56%20PM.zip","10k- GST and BR 
8k- Mailing Plan 

we get coworking for:
open desk: 5,000+gst
day pass: 500

","","vishwajeetsharma@gmail.com","https://t1851686.p.clickup-attachments.com/t1851686/7dbf27c6-81e5-4dad-a3b2-f523e90d6ef7/Airtel%20Bill%20September%2025.pdf
https://t1851686.p.clickup-attachments.com/t1851686/3f31f591-aabc-43b3-ac6d-e46af53f00b7/Tata%20Power%20September%2025.pdf
https://t1851686.p.clickup-attachments.com/t1851686/dc46e2f1-c975-4d5e-9702-c4ad4c59e3b0/Electricity%20Bill%20September%2025.pdf
https://t1851686.p.clickup-attachments.com/t1851686/0fd65fc9-4729-4b27-b51b-9190f1b5458a/NOC%20Experts%20Traders%20India%20(OPC)%20Private%20Limited.pdf","https://t1851686.p.clickup-attachments.com/t1851686/efd5009d-01fe-4923-b74d-cccbedc731d6/Rent%20Agreement%20One%20Nest%20Ventures%20countersigned.pdf"
"86d164c7e","MSB Cospazes","FSDL07","No.26-27-A, H- Block, Third Floor, (Office No.401 & 404) Vikas Marg, Laxmi Nagar, Delhi-110092,",10000,10000,8000,0,"","[Delhi]","","","","","","","","",""
"86d1t52kj","RegisterKaro","FSDL05","808B, DLF Prime Tower, Pocket F, Okhla Phase I, Okhla Industrial Estate, New Delhi, Delhi 110020",10000,11000,10000,"","","[Delhi]","Rupesh","92117 05920","","https://t1851686.p.clickup-attachments.com/t1851686/3f81eff1-f2da-4142-bc84-b905e8baa696/Delhi%20Vo.pdf","GST - 7000+ GST 
BR - 8000 + GST
","","rupeshrai@registerkaro.com","",""
"86cz75rd3","Infrapro - Sector 44","FSGUR01","Plot no 4, 2nd floor, Minarch Tower, Sector 44, Gurugram, Haryana 122003, India",12000,12000,8000,7000,"https://maps.app.goo.gl/FYL8W1aqJtV1qh899","[Gurgaon ]","Nitesh","+91 97168 38138","","https://t1851686.p.clickup-attachments.com/t1851686/ff0a8fa6-a3a0-44f9-a4ec-4e53100bec78/IMG_20251010_163250.pdf","GST Registration -7k + GST
Business Registration - 8k + GST 
Mailing - 5k + gst

Co -working - 8,000/seat/month 
Day pass - 800/seat per day 
Meeting cabin - minimum will get 10 seater, 80k+GST 
cabin - 1,000 +gst / hour, 4 seater 
","","nitish@infraprospaces.com","https://t1851686.p.clickup-attachments.com/t1851686/bd62f067-4c37-4fa5-a4df-847f3e082933/1-5270561368219_446609111_10_2025.pdf
https://t1851686.p.clickup-attachments.com/t1851686/90df9850-cea5-4d13-8501-08fff857babb/INNOFY%20IT%20NOC.pdf
https://t1851686.p.clickup-attachments.com/t1851686/9bf7976d-392e-4245-b409-9cd3608f4db3/October%202025%20Bill..pdf","https://t1851686.p.clickup-attachments.com/t1851686/255d3692-0048-43b1-8cf1-b9e71ab3dd85/Innofy%20IT%20Draft.docx"
"86cz75ra2","TEAM COWORK- Palm Court - Gurgaon","FSGUR02","Mehrauli Rd, Gurugram, Haryana 122022, India",12000,12000,9000,0,"https://maps.app.goo.gl/GzEY1XPEGsYnRF969","[Gurgaon ]","Iffath ","+91 88002 09527","","https://t1851686.p.clickup-attachments.com/t1851686/20370782-97d7-4aab-b322-91e7d5e97bf0/Gurgaon%20-%20Palm%20Court%20Images%20%20(1).pdf","GST and BR - 8k
Mailing - 7k

","Documents for GST Registration, Business Registration
Rent Agreement
NOC 
Utility Bill
","","https://t1851686.p.clickup-attachments.com/t1851686/435bd5e9-ef8c-409c-9877-b748b5e2eac4/maintaining%20703%20sep.pdf
https://t1851686.p.clickup-attachments.com/t1851686/5da5687a-6f10-4e90-af01-93a719d520d8/Sep%202025airtel%20bill%20(1).pdf
https://t1851686.p.clickup-attachments.com/t1851686/bc35bf6b-576b-4436-bd76-92a179156512/WhatsApp%20Image%202025-09-25%20at%2011.38.08%20AM%20(1).pdf
https://t1851686.p.clickup-attachments.com/t1851686/4abee898-cce8-4f2a-95f0-212020a56026/lease%20deed%20and%20noc%20signed%20(1)%20(1).pdf","https://t1851686.p.clickup-attachments.com/t1851686/eea64d43-52b2-4644-aec0-ae95daa1376b/703%20draft%20agreement%20for%20GST%20(5).docx"
"86d1t56ku","MSB COspaze","FSGUR03","2nd Floor, Sona Marble Building, Sneh Vihar, Bhondsi, Gurgaon - 122102",9000,9000,8000,"","","[Gurgaon ]","Deeksha","8178121604","","","Gst and BR - 4k


","","","",""
"86d2dw963","The Work Lounge","FSGUR04","2nd floor, Welldone tech park, 213 14, Badshahpur Sohna Rd, Sector 48, Gurugram, Haryana 122018",5000,"","","","https://www.google.com/search?q=the+work+lounge&rlz=1C1CHMD_enIN1135IN1135&oq=The+work+&gs_lcrp=EgZjaHJvbWUqBggBEEUYOzIGCAAQRRg5MgYIARBFGDsyBwgCEAAYgAQyBggDEEUYOzIHCAQQABiABDIHCAUQABiABDIHCAYQABiABDIHCAcQABiABDIHCAgQABiABDIHCAkQABiPAtIBCTgxMDBqMGoxNagCCLACAfEFMWOCoPnbsJg&sourceid=chrome&ie=UTF-8","[Gurgaon ]","Manoj ","98181 01044","","https://t1851686.p.clickup-attachments.com/t1851686/c23dbe2b-4932-4990-92dc-c3e744b8721c/PSQ%20Director%20Room%20(1).pdf","Permanent signage charges 2,000+GST
Meeting room on demand 

","","theworkloungen@gmail.com","",""
"86d0e8h74","Ghoomakkad","FSHP01","V.P.o, Sidhbari, Rakkar, Himachal Pradesh 176057, India",13000,16000,12000,8000,"https://www.google.com/maps/place/Ghoomakad/@32.198496,76.36691,16z/data=!4m9!3m8!1s0x391b522a563885db:0x25c022e73f686d2a!5m2!4m1!1i2!8m2!3d32.1984962!4d76.3669096!16s%2Fg%2F1jgm19v3l?hl=en-US&entry=ttu&g_ep=EgoyMDI1MDkyMi4wIKXMDSoASAFQAw%3D%3D","[Himachal Pradesh]","mohinder sharma","+91 98822 26638","","https://t1851686.p.clickup-attachments.com/t1851686/d1e859f5-94ee-456c-a456-cf5191e40256/Himachal%20Pradesh.pdf"," ₹8000 per annum for Virtual Office 
 ₹12000 for GST Registration
 ₹2500 for mail handling
","GST REGISTRATION 
For 11 months and 28 days 15,000+18%GST

VIRTUAL OFFICE
For 11 months and 28 days 10,000+18%GST

SIGNAGE AND MAIL HANDLING 
For 11 months and 28 days 2500+18%GST

DEDICATED DESK SEATS 
YEARLY  40,000+18%GST
MONTHLY  4,000+18%GST
6 MONTHS 20,000+18%GST
3 MONTHS 10,000+18%GST

CABINS 
3 SEATS FOR MONTHLY 10,000+18%GST
3 SEATS FOR 6 MONTHS 50,000+18%GST
STAY FOR MONTHLY 15,000+18%GST

Business Registration 15,000+18%GST

","info@ghoomakad.com","https://t1851686.p.clickup-attachments.com/t1851686/9a3248bf-8b24-4bf5-aeb7-5ad0e6846f4a/Mohinder%20Pan%20card.jpg
https://t1851686.p.clickup-attachments.com/t1851686/c5f8aaa9-3d31-40b4-a0ff-7665fabb482b/september%20electricity%20bill.pdf
https://t1851686.p.clickup-attachments.com/t1851686/6b9f314e-ee08-43ac-b46c-3647abebca90/property%20tax%202025-26.pdf
https://t1851686.p.clickup-attachments.com/t1851686/bf321686-7f92-4dca-a42d-950886d8e255/mohinder%20aadhar%20card.jpg
https://t1851686.p.clickup-attachments.com/t1851686/fd9903c8-b674-4020-aa7e-419ce8cc4808/draft%20of%20NOC%20blank.docx
https://t1851686.p.clickup-attachments.com/t1851686/2a55841a-7d41-4624-9d8d-53caeb00108f/trade%20mark%20certificate%20of%20ghoomakad
https://t1851686.p.clickup-attachments.com/t1851686/ecbb85f6-7d61-4066-bfe8-29482fdb9a35/GST%20Number%20Ghoomakad%20Pvt%20ltd.pdf
https://t1851686.p.clickup-attachments.com/t1851686/149e0b9d-4c26-4971-857f-036b231f7548/CERTIFICATE%20OF%20company.pdf","https://t1851686.p.clickup-attachments.com/t1851686/25de37dc-8bc8-46a0-8790-713684744b2e/draft%20of%20agreement%20blank.docx"
"86d0dgudt","CS Coworking - GachiBowli","FSHYD01","Door No. 1-60, A & B, 3rd Floor, KNR Square, opp. The Platina, Gachibowli, Hyderabad, Telangana 500032, India",12000,13000,8000,7000,"https://www.google.com/maps/place/CS+Coworking+Spaces+-+Gachibowli/@17.4484393,78.3614054,17z/data=!4m14!1m7!3m6!1s0x3bcb93f140246ed3:0x41b704479010978b!2sCS+Coworking+Spaces+-+Gachibowli!8m2!3d17.4484393!4d78.3639803!16s%2Fg%2F11lh5pn6fh!3m5!1s0x3bcb93f140246ed3:0x41b704479010978b!8m2!3d17.4484393!4d78.3639803!16s%2Fg%2F11lh5pn6fh?entry=ttu&g_ep=EgoyMDI1MDkyMi4wIKXMDSoASAFQAw%3D%3D","[Hyderabad]","Gopaldas Agarwal, Nisha, Manasa","+91 9849019209,  9963005341, 8309665334 ","","https://t1851686.p.clickup-attachments.com/t1851686/109bde67-a6c1-456f-9e78-59fe2b448d3b/Hderabad.pdf","GST - 7.5k
BR   -8.5k
Mailing Address - 5.5k

we get coworking for:
open desk: 5,000+gst
cabin: 6,000+gst/per month
meeting room: 500+gst
day pass: 500+gst




","","coworkingspaces.hyd@gmail.com","https://t1851686.p.clickup-attachments.com/t1851686/947dd5cd-ca34-4ea6-b67e-9dc14c895c42/Doc%20Bhavan%20Agreement%202024%20(1)%20(1).pdf
https://t1851686.p.clickup-attachments.com/t1851686/849d8122-a108-4f43-9f36-09736ef153ad/GHMC_Property_Tax_2025%20(2)%20(1)%20(1)%20KONDAPUR.pdf
https://t1851686.p.clickup-attachments.com/t1851686/2f3bcb3f-f246-42f1-be7f-4416aa53e328/pan%20card%20ritu%20mam%201.pdf
https://t1851686.p.clickup-attachments.com/t1851686/15d50824-5d61-4a60-ac39-fa0da9a00400/prabhakar%20(1)%20(1).pdf
https://t1851686.p.clickup-attachments.com/t1851686/40d0d542-fb65-434b-922b-b1e10c13fb07/ADHAR%20RITU.pdf","https://t1851686.p.clickup-attachments.com/t1851686/10910ce0-622a-49f7-8692-f4590d6c665a/FLASH%20spaces%20agreement%20(1)%20(1).docx"
"86d2ca5w4","CS Coworking - Whitefield Kondapur","FSHYD02","Doc Bhavan, Hitech City Rd, Kondapur, Whitefields, Gachibowli, Hyderabad, Telangana 500084",13000,14000,9000,"","https://www.google.com/search?q=cs+coworking+spaces+whitefields+kondapur&sca_esv=a5b942dc37a4ff28&rlz=1C1CHMD_enIN1135IN1135&biw=1280&bih=585&ei=xxG9abL5E6CvseMPgO_umQM&oq=CS+COWORKING+WHITEFIELD&gs_lp=Egxnd3Mtd2l6LXNlcnAiF0NTIENPV09SS0lORyBXSElURUZJRUxEKgIIADIGEAAYFhgeMgYQABgWGB4yBhAAGBYYHjIFEAAY7wUyCBAAGIAEGKIEMgUQABjvBUio9QNQnwFYqOYDcAN4AZABBJgB3AGgAYEnqgEGMC4yMS43uAEByAEA-AEBmAIboALIJKgCCsICChAAGEcY1gQYsAPCAgcQIRgKGKABwgIXEAAYgAQYigUYkQIY5wYY6gIYtALYAQHCAh0QLhiABBiKBRiRAhjnBhjHARivARjqAhi0AtgBAcICEBAAGAMYjwEY6gIYtALYAQHCAhAQLhgDGI8BGOoCGLQC2AEBwgILEAAYgAQYigUYkQLCAgsQLhiABBiKBRiRAsICChAAGIAEGIoFGEPCAggQABiABBixA8ICERAuGIAEGLEDGIMBGMcBGNEDwgILEAAYgAQYsQMYgwHCAhEQLhiABBiKBRiRAhjHARivAcICEBAuGEMYgwEYsQMYgAQYigXCAhAQABiABBiKBRhDGLEDGIMBwgIQEC4YgAQYigUYQxjHARivAcICDhAAGIAEGIoFGLEDGIMBwgIQEC4YgAQYigUYQxixAxiDAcICBRAAGIAEwgINEAAYgAQYigUYQxixA8ICCxAuGIAEGMcBGK8BwgILEAAYgAQYigUYhgOYAyTiAwUSATEgQPEFqpjUd_wN3eeIBgGQBgi6BgQIARgHkgcHMy4xNC4xMKAHwakCsgcHMC4xNC4xMLgH_SPCBwgyLTIuMTkuNsgHlgOACAE&sclient=gws-wiz-serp","[Hyderabad]","","","","","","","","",""
"86d2ca5zb","CS Coworking.- Shaikpet I","FSHYD03","4th Floor, Aparna Astute Jubilee Hills, Shaikpet, Hyderabad, Telangana 500096",12000,13000,9000,"","https://www.google.com/search?q=cs+coworking+spaces+shaikpet&rlz=1C1CHMD_enIN1135IN1135&biw=1280&bih=585&sca_esv=a5b942dc37a4ff28&ei=sRK9adv4G8CgseMPnJ_O4QQ&oq=cs+coworking+spaces+shaikpet+&gs_lp=Egxnd3Mtd2l6LXNlcnAiHWNzIGNvd29ya2luZyBzcGFjZXMgc2hhaWtwZXQgKgIIADIGEAAYFhgeMgYQABgWGB4yBhAAGBYYHjIGEAAYFhgeMgYQABgWGB4yBhAAGBYYHjILEAAYgAQYigUYhgMyCxAAGIAEGIoFGIYDMgUQABjvBTIFEAAY7wVI13dQxwRYhypwAngBkAEAmAGQA6ABywSqAQcwLjEuNC0xuAEByAEA-AEBmAIEoAKXBcICChAAGEcY1gQYsAPCAgUQIRigAZgDAIgGAZAGCJIHCTIuMC4xLjAuMaAHxwiyBwcyLTEuMC4xuAfvBMIHBTItMS4zyAc2gAgB&sclient=gws-wiz-serp&lqi=ChxjcyBjb3dvcmtpbmcgc3BhY2VzIHNoYWlrcGV0SL7q6eTDrYCACFo2EAAQARACGAAYARgCGAMiHGNzIGNvd29ya2luZyBzcGFjZXMgc2hhaWtwZXQqCAgCEAAQARACkgEPY293b3JraW5nX3NwYWNl#rlimm=16500924727116794903","[Hyderabad]","","","","","","","","",""
"86d2ca660","CS Coworking - Hitex Road","FSHYD04","5th Floor, Melkiors Pride, Hitex Road, Vinayaka Nagar, Izzathnagar, HITEC City, Khanammet, Hyderabad, Telangana 500084",12000,13000,9000,"","https://www.google.com/search?q=cs+coworking+spaces+HITEX+ROAD&rlz=1C1CHMD_enIN1135IN1135&biw=1280&bih=585&sca_esv=a5b942dc37a4ff28&ei=zBK9aZf8D5CYseMPyqKPoAQ&ved=0ahUKEwiXktXAlK6TAxUQTGwGHUrRA0QQ4dUDCBE&uact=5&oq=cs+coworking+spaces+HITEX+ROAD&gs_lp=Egxnd3Mtd2l6LXNlcnAiHmNzIGNvd29ya2luZyBzcGFjZXMgSElURVggUk9BRDIFECEYoAEyBRAhGKABMgUQIRigATIFECEYoAFIxExQvwNYu0twAXgBkAEAmAHHAqABvxiqAQgwLjEzLjMuMbgBA8gBAPgBAZgCDaACsRPCAgoQABhHGNYEGLADwgIFEAAYgATCAgYQABgWGB7CAgsQABiABBiKBRiGA8ICCxAuGIAEGMcBGK8BwgIREC4YgAQYigUYkQIYxwEYrwHCAgsQABiABBiKBRiRAsICGhAuGIAEGMcBGK8BGJcFGNwEGN4EGOAE2AEBwgIFEAAY7wXCAggQABiABBiiBJgDAIgGAZAGB7oGBggBEAEYFJIHBzEuNy40LjGgB5eKAbIHBzAuNy40LjG4B5kTwgcGMy0xMC4zyAfMAYAIAQ&sclient=gws-wiz-serp","[Hyderabad]","","","","","","","","",""
"86d2ca67w","CS Coworking - Raidurg","FSHYD05","Cluster_malkajgiri 82, 19, Dargah Rd, LIG Chitrapuri Colony, Muppas Panchavati Colony, Radhe Nagar, Hyderabad, Rai Durg, Telangana 500104",12000,13000,9000,"","https://www.google.com/search?q=cs+coworking+spaces+raidurg&rlz=1C1CHMD_enIN1135IN1135&biw=1280&bih=585&sca_esv=a5b942dc37a4ff28&ei=GRO9aaGWCuyQseMP4NfcoQg&ved=0ahUKEwjhhqvllK6TAxVsSGwGHeArN4QQ4dUDCBE&uact=5&oq=cs+coworking+spaces+raidurg&gs_lp=Egxnd3Mtd2l6LXNlcnAiG2NzIGNvd29ya2luZyBzcGFjZXMgcmFpZHVyZzIFEAAYgAQyBhAAGBYYHjILEAAYgAQYigUYhgMyCxAAGIAEGIoFGIYDMgsQABiABBiKBRiGAzIFEAAY7wUyBRAAGO8FMgUQABjvBTIFEAAY7wUyBRAAGO8FSM8lUI0BWPEfcAF4AJABAJgB8wGgAcMWqgEGMC4xNC4zuAEDyAEA-AEBmAIKoAL_DcICDhAAGIAEGIoFGIYDGLADwgILEAAYgAQYogQYsAPCAggQABjvBRiwA8ICCxAuGIAEGMcBGK8BwgILEAAYgAQYigUYkQLCAhoQLhiABBjHARivARiXBRjcBBjeBBjgBNgBAcICERAuGIAEGIoFGJECGMcBGK8BwgIIEAAYgAQYogSYAwCIBgGQBge6BgYIARABGBSSBwUxLjUuNKAHhIUBsgcFMC41LjS4B-gNwgcFMy04LjLIB5wBgAgB&sclient=gws-wiz-serp&lqi=ChtjcyBjb3dvcmtpbmcgc3BhY2VzIHJhaWR1cmdIvI2zo_u8gIAIWisQABABEAIYABgBGAIYAyIbY3MgY293b3JraW5nIHNwYWNlcyByYWlkdXJnkgEPY293b3JraW5nX3NwYWNl#rlimm=15026334889877028171","[Hyderabad]","","","","","","","","",""
"86d2ca69d","Alt F - Gachibowli","FSHYD06","Divyasree Orion, Raidurg Panmaktha, Gachibowli, Hyderabad, Telangana 500032",25000,30000,15000,"","https://www.google.com/search?q=alt+f+gachibowli&rlz=1C1CHMD_enIN1135IN1135&oq=Alt+&gs_lcrp=EgZjaHJvbWUqBggAEEUYOzIGCAAQRRg7MgYIARBFGDsyBggCEEUYOzIMCAMQABhDGIAEGIoFMgwIBBAAGEMYgAQYigUyDAgFEAAYQxiABBiKBTIMCAYQABhDGIAEGIoFMgwIBxAAGEMYgAQYigUyEggIEC4YQxivARjHARiABBiKBTIHCAkQABiPAtIBCTQxMTZqMGoxNagCCLACAfEFc-mS4ubVUXc&sourceid=chrome&ie=UTF-8","[Hyderabad]","","","","","","","","",""
"86d01wd2p","Jeev Business Solutions","FSJPR01","548 1, Tonk Rd, behind Jaipur Hospital, Mahaveer Nagar, Gopal Pura Mode, Jaipur, Rajasthan 302018, India",10000,12000,8000,7000,"https://maps.app.goo.gl/GaPGTufWtGbDhj319","[Jaipur]","Meena ","+91 63782 15643","","https://t1851686.p.clickup-attachments.com/t1851686/8308b784-c176-42aa-a509-de6a5cc6c7b7/jaipur.pdf","virtual office - 6.5k + GST
business registration - 7.5k+ GST

","","jeevbusinesssolutions@gmail.com","https://t1851686.p.clickup-attachments.com/t1851686/62b2a414-ce50-4f26-ae0a-77388d701f5c/NOC.pdf","https://t1851686.p.clickup-attachments.com/t1851686/94a17268-c16c-4c2a-8fb4-8c2f86893560/leave%20%20and%20licence%20agreement.docx"
"86d01wcv3","Qubicle Coworking","FSJMU01","Plot 334, Lakkar Mandi Rd, opposite PNB Bank, Sector 1A, Trikuta Nagar, Jammu, Jammu and Kashmir 180012",14000,15000,10000,6000,"https://maps.app.goo.gl/mR2fBTBgk29Rph9j9","[Jammu and Kashmir]","Aditya ","+91 97973 34866","","https://t1851686.p.clickup-attachments.com/t1851686/3de3c387-467e-4489-97e2-0f40d6546b1a/JammuKashmir%20(1).pdf","GST and BR - 11k 
Mailing - 4k

","","qubiclecoworking@gmail.com","","https://t1851686.p.clickup-attachments.com/t1851686/6d4d4b5a-625b-48ec-ade5-0d5d88ddc547/Sample%20Leave%20%26%20Licence%20Agreement%20-%20QC.docx"
"86cz75rcy","Kaytech Solutions","FSJMU02","Civil Airport, Satwari, Raipur Satwari, Jammu, Jammu and Kashmir 180003",18000,18000,8000,6000,"https://maps.app.goo.gl/AVkBrGDLziY34tcPA","[Jammu and Kashmir]","","+91 94191 90621","","https://t1851686.p.clickup-attachments.com/t1851686/f4ea7b9f-9bde-40ba-bf1e-6410e955cac6/JammuKashmir2%20(1).pdf","12.5k - GST and BR 
8k - Mailing 
","","","",""
"86d08jezv","Namdhari Spaces- Ranchi","FSJKD01","4001, 4th floor, Skyline Complex, Kadru, Ranchi, Jharkhand 834002, India",14000,0,10000,7000,"http://google.com/maps?rlz=1C1UEAD_enIN986IN986&um=1&ie=UTF-8&fb=1&gl=in&sa=X&geocode=KXOmrD3r4fQ5MRfy8yjcBkjU&daddr=4001,+4th+floor,+Skyline+Complex,+Kadru,+Ranchi,+Jharkhand+834002","[Jharkhand]","Prabhji Namdhari ","8651140092","","","8000 for GST Plan 
7000 for Mailing Address

The prices at which we get:                                      
15,000+gst- For three seater cabin
4,000+gst/pm-for open desk 
500+gst/per hour- meeting room
","","prabhji@namdharigroup.co.in","",""
"86d0e8hpy","Apnayt Coworkers","FSJDP01","Apnayt Coworker J1-371 RIICO Sangaria, Industrial Area Phase, IInd, Jodhpur, Rajasthan 342013, India",14000,"",10000,7000,"https://www.google.com/maps/place/Apnayt+Coworker/@26.1992389,73.006155,17z/data=!3m1!4b1!4m6!3m5!1s0x39418b6f0883d85b:0xc1dbd4753e8fda29!8m2!3d26.1992389!4d73.0087299!16s%2Fg%2F11trn6fvn7?entry=ttu&g_ep=EgoyMDI1MDkyMi4wIKXMDSoASAFQAw%3D%3D","[Jodhpur]","Ashish Gupta","+91 77425 28001","","https://t1851686.p.clickup-attachments.com/t1851686/d190fbf6-826e-4581-b079-b3fa042db92f/Jodhpur.pdf","₹9000+GST  for Virtual Office 
 ₹7000+GST for business registration
","","apnayt.coworker@gmail.com","https://t1851686.p.clickup-attachments.com/t1851686/3b08c9b1-11f4-40b7-925a-a79d375c291c/Electric%20Bill%20Sepember%202025.pdf
https://t1851686.p.clickup-attachments.com/t1851686/ad6cad74-4304-4a4a-a313-e8230d24413c/NOC%20Format%20from%20Apnayt.docx","https://t1851686.p.clickup-attachments.com/t1851686/75021bf6-ed23-420c-8ba1-e3f5c2582b8d/Leave%20_%20Licence%20Agreement%20from%20Apnayt%20(1).docx"
"86d07taz6","Spacehive","FSKOCH01","4263, Anjikathu Rd, CSEZ, Chittethukara, Kakkanad, Kochi, Kerala 682037, India",13000,13000,9000,5500,"https://maps.app.goo.gl/6g5kcDM83jLse8R4A","[Kochi]","","+91 90745 67423","","https://t1851686.p.clickup-attachments.com/t1851686/b5168325-2c04-4978-a83e-ea7f974f1d51/kochi.pdf","GST and BR- 8k
Mailing - 6k
offers coworking
","","","","https://t1851686.p.clickup-attachments.com/t1851686/c6def95d-fa76-4b32-97ae-96ae312a4084/BLACKSMITH%20TECH%20(1).pdf"
"86d07ta78","WBB Office","FSKOCH02","E 3rd Floor, JC Chamber, Building No v8 ,60/49, Panampilly Nagar, Kochi, Kerala 682036, India",12000,12000,9000,6000,"https://maps.app.goo.gl/pfEQURh4tyBtMQmk7","[Kochi]","Belsy ","+91 77360 78198","","","Gst and BR - 8k 
Mailing - 5k
","","Info@wbboffice.com","",""
"86d0zm22k","Kommon Spaces","FSKOCH03","1st Floor, Sowbhagya building, Kollamkudimugal, Athani, Kochi, Kakkanad, Kerala 682030",12000,13000,10000,"","https://www.google.com/maps/place/KommonSpace+-+Virtual+Offices+and+Managed+Offices/@10.0214688,76.2711021,12z/data=!4m19!1m12!4m11!1m3!2m2!1d76.1629554!2d9.977853!1m6!1m2!1s0x3b080d002e7e6e69:0x64cf2f28d95da062!2s1st+Floor,+Sowbhagya+building,+Kollamkudimugal,+Athani,+Kochi,+Kakkanad,+Kerala+682030!2m2!1d76.353504!2d10.021479!3m5!1s0x3b080d002e7e6e69:0x64cf2f28d95da062!8m2!3d10.021479!4d76.353504!16s%2Fg%2F11yfggg1_c?entry=ttu&g_ep=EgoyMDI1MTExMi4wIKXMDSoASAFQAw%3D%3D","[Kochi]","Shahin Abdullah","","","","₹7500 for GST , Business Registration Package , Mailing Address and Notary .
","","kommonspace@gmail.com","",""
"86cz75r8z","Camac Street - WorkZone","FSKOL07","11th floor, Industry House, 10, Camac St, Elgin, Kolkata, West Bengal 700017, India",12000,12000,8000,6000,"https://maps.app.goo.gl/57anw7qe3CzRUFi78","[Kolkata]","Faizan ","+91 96811 12394","","https://t1851686.p.clickup-attachments.com/t1851686/99219ec8-685a-4930-814e-749140d6407c/Camac%20Street%20-%20Images%20-%20Kolkata%20.pdf
https://t1851686.p.clickup-attachments.com/t1851686/cf0fb9b6-9da3-44cf-a4cc-f7c178031df5/Park%20Street%20-%20Kolkata%20.pdf","GST and BR - 8.5k 
Mailing - 5k

","","Info@workzoneofficespaces.com","",""
"86d01w95h","Park Street - Workzone","FSKOL06","7th floor, Om Tower, 32, JL nehru road, Park St, Kolkata, West Bengal 700071, India",13000,13000,8000,6000,"https://maps.app.goo.gl/jmvdeTfTN8axynAG8","[Kolkata]","Faizan ","+91 96811 12394","","https://t1851686.p.clickup-attachments.com/t1851686/8c2dec7a-a226-440d-8800-3d6ffc652e4d/Park%20Street.pdf","GST and BR - 8.5k 
Mailing - 5k

","","Info@workzoneofficespaces.com","https://t1851686.p.clickup-attachments.com/t1851686/3e3386bb-a62f-4a6c-be93-ffe999144ba2/REGITX%20INFOTECH%20(OPC)%20PRIVATE%20LIMITED%20DRAFT%20NOC.docx","https://t1851686.p.clickup-attachments.com/t1851686/5feb0b91-48ba-414c-8f1a-b8a28ccb7ac4/REGITX%20INFOTECH%20(OPC)%20PRIVATE%20LIMITED%20DRAFT%20AGREEMENT.docx"
"86d01w9jz","Near Victoria Memorial - WorkZone","FSKOL05","Circus Ave, Kolkata, West Bengal, India",13000,13000,8000,6000,"https://maps.app.goo.gl/JH8nsAZUPLifYHPW9","[Kolkata]","Rupsa Chakraborty","+91 98754 48425","","","GST and BR - 8.5k 
Mailing - 5k

","","Info@workzoneofficespaces.com","",""
"86d01w923","Salt Lake, Sec V - EasyDaftar","FSKOL01","CK 233, CK Block, Sector 2, Salt lake, Kolkata, West Bengal 700091",12500,14000,8000,7000,"https://maps.app.goo.gl/8ZD7if7CtEnoKV2L9","[Kolkata]","Arbani Saha ","+91 98744 48233","","https://t1851686.p.clickup-attachments.com/t1851686/9ce8fde6-a5fc-425f-8245-126fd6e42e2f/Salt%20Lake.pdf","GST- 7.5k
Mailing - 5k
BR- 10k 

we get coworking space:
open desk: 7,000+gst
cabin:24,000+gst (3 seater)
meeting room: 3500+gst - half day(4hrs)
                          4500+gst - full day (6hrs)
day pass not provided.

","","virtual@easydaftar.in","https://t1851686.p.clickup-attachments.com/t1851686/eeb34c7f-648e-4d4a-97d6-557357c8c42f/4PAGE%20FORMAT(SECTOR-5%2C%20ANAYA%20).docx",""
"86d01w92n","Salt Lake, Sec V - Workzone","FSKOL05","Block, D2, EP & GP, 2, GP Block, Sector V, Bidhannagar, Kolkata, West Bengal 700091, India",14000,14000,8000,7000,"https://maps.app.goo.gl/hwKcbJyvZmyh8hZd6","[Kolkata]","Faizan  ","+91 96811 12394","","","GST and BR - 8.5k 
Mailing - 5k
","","Info@workzoneofficespaces.com","https://t1851686.p.clickup-attachments.com/t1851686/e8035e52-b429-49be-8c7c-84a91b74cc67/GETEM%20NOC.pdf","https://t1851686.p.clickup-attachments.com/t1851686/92454fb8-f332-43e2-8f1d-eb24169f9a43/Webolaf%20Technology%20draft%20agreement.docx"
"86d01v6ez","Park Street - EasyDaftar","FSKOL02","3 rd Floor, 75C, Park St, Taltala, Kolkata, West Bengal 700016, India",12000,14000,8000,7000,"https://maps.app.goo.gl/4nqn3FwKfLWafCt28","[Kolkata]","Arbani Saha ","+91 98744 48233","","https://t1851686.p.clickup-attachments.com/t1851686/751505bc-ebea-435b-9355-d85882c1c724/Park%20Street-ED.pdf","GST- 7.5k
Mailing - 5k
BR- 10k 

we get coworking space:
open desk: 7,000+gst
cabin:24,000+gst (3 seater)
meeting room: 3500+gst - half day(4hrs)
                          4500+gst - full day (6hrs)
day pass not provided.


","","virtual@easydaftar.in","https://t1851686.p.clickup-attachments.com/t1851686/5fa43d2b-42c7-4193-84ae-b5f9ff5c9050/NOC%20ZUHA%20ENTERPRISES%20(PARK%20STREEET).docx","https://t1851686.p.clickup-attachments.com/t1851686/b24b1a96-8a1c-4924-864c-0c45738d9c32/ZUHA%20ENTERPRISES.docx"
"86d01w8zb","Rashbehari - EasyDaftar","FSKOL03","132A, Shyama Prasad Mukherjee Rd, Anami Sangha, Kalighat, Kolkata, West Bengal 700026, India",12000,14000,8000,7000,"https://maps.app.goo.gl/zp3YyFhCu3JQkJ9n6","[Kolkata]","Arbani Saha ","+91 98744 48233","","","GST- 7.5k
Mailing - 5k
BR- 10k 

we get coworking space:
open desk: 7,000+gst
cabin:24,000+gst (3 seater)
meeting room: 3500+gst - half day(4hrs)
                          4500+gst - full day (6hrs)
day pass not provided.

","","virtual@easydaftar.in","",""
"86d01w8yn","Louden Street - EasyDaftar","FSKOL04","8/1/2 Loudon Street, 3rd Floor. Surabhi Building, 8/1, Sir UN Brahmachari Sarani, Elgin, Kolkata, West Bengal 700017",12000,14000,8000,"","https://maps.app.goo.gl/bdWyh1y9XkXWtqao9","[Kolkata]","Arbani Saha ","+91 98744 48233","","","GST- 7.5k
Mailing - 5k
BR- 10k 

we get coworking space:
open desk: 7,000+gst
cabin:24,000+gst (3 seater)
meeting room: 3500+gst - half day(4hrs)
                          4500+gst - full day (6hrs)
day pass not provided.

","","virtual@easydaftar.in","",""
"86d235f9a","KCAN COWORKING","","","","","","","","[Kolkata]","","","","","","","","",""
"86d2dkvzc","365Virtualcoworks","FSMP01","7th floor, Aaditya gateway, scheme B-704, MR 10 Rd, Sukhliya, Indore, Madhya Pradesh 452010",8000,9000,5999,5000,"https://www.google.com/search?q=365VIRTUALCOWORKING+INDORE+&sca_esv=e883cb43f39d2351&rlz=1C1CHMD_enIN1135IN1135&ei=E4LCabvRDO2x4-EPsOmw0QQ&ved=0ahUKEwj7pqaqw7iTAxXt2DgGHbA0LEoQ4dUDCBE&uact=5&oq=365VIRTUALCOWORKING+INDORE+&gs_lp=Egxnd3Mtd2l6LXNlcnAiGzM2NVZJUlRVQUxDT1dPUktJTkcgSU5ET1JFIDIHECEYChigATIHECEYChigATIHECEYChigATIHECEYChigATIHECEYChigAUjBDVBeWJoMcAF4AJABAJgB4AGgAZwLqgEFMC44LjG4AQPIAQD4AQGYAgmgAt4KwgIIEAAY7wUYsAPCAgsQABiABBiiBBiwA8ICBRAAGO8FwgIIEAAYgAQYogTCAgUQIRiSA5gDAOIDBRIBMSBAiAYBkAYEkgcFMS43LjGgB9ojsgcFMC43LjG4B9MKwgcHMC4yLjUuMsgHLoAIAQ&sclient=gws-wiz-serp","[Madhya Pradesh]","Sanskar","75810 73435","+91 87703 74108","https://t1851686.p.clickup-attachments.com/t1851686/05fa5946-d361-411f-8218-587d2193ab41/WhatsApp%20Image%202026-03-24%20at%203.57.06%20PM.pdf","Day Pass : 599 per day 

","","365virtualcoworks@gmail.com","",""
"86d29ph5d","CynergX","FSMP02","E4, 271, E-4, Arera Colony, Bhopal, Madhya Pradesh 462016",15000,12000,10000,"","https://www.google.com/search?q=CynergX&rlz=1C1CHMD_enIN1135IN1135&oq=&gs_lcrp=EgZjaHJvbWUqCQgEEEUYOxjCAzIJCAAQRRg7GMIDMgkIARBFGDsYwgMyCQgCEEUYOxjCAzIJCAMQRRg7GMIDMgkIBBBFGDsYwgMyCQgFEEUYOxjCAzIJCAYQRRg7GMIDMgkIBxBFGDsYwgPSAQkxMzQ1ajBqMTWoAgiwAgHxBbV_CvoUBmh7&sourceid=chrome&ie=UTF-8","[Madhya Pradesh]","Basant ","755 352 4116","+91 81036 85668","https://t1851686.p.clickup-attachments.com/t1851686/3482c7c8-e695-43f7-acfc-e109aa86984c/WhatsApp%20Image%202024-07-19%20at%2013.16.46_f45ccd27.jpg%20(1).pdf","Permanent Signage : 1,000
Dedicated Desk: 5,000+GST 
Day Pass: 400 per day 

","","mohit.shrivastava@cynergx.com","",""
"86d01wdnx","We Grow Coworks","FSNVM01","PLOT NO.- 88, 8th Floor, Proxima, Arunachal Bhavan, 19, Sector 30A, Vashi, Navi Mumbai, Maharashtra 400703, India",18000,20000,13000,10000,"https://maps.app.goo.gl/hXeYtWED6txt8vkB6","[Mumbai]","","+91 85918 84480","","","Mailing - 8k
GST and BR - 10k
Co-working: Day Pass 500+GST
                    7000+GST/Month 
Dedicated Desk: 10k+GST 
Director's Cabin: 500-600+ GST/ Hour 
                              40,000+GST/ Month 
   Single Seater Cabin: 500-600 +GST/ hour 
                                 15,000+GST/ Month     
MEETING ROOM CREDITS: 2 HOURS/MONTH included
","Permanently Closed as per Google
PTR not Available
Index 2 provided 
GST assurity not available 

","admin@wegrowgroup.in","",""
"86d1t54fa","RegisterKaro","FSTHA01","LODHA SIGNET 1 UNIT NO. 825 PREMIER COLONY GROUND KALYAN THANE Mangaon 421204",18000,20000,15000,"","","[Mumbai]","Rupesh","92117 05920","","https://t1851686.p.clickup-attachments.com/t1851686/3af54c4f-44a8-4ef0-bbe3-e926a3b9a0db/maharahstra%20Vo%20images.pdf","GST - 7000 + 6000 (Govt.duty) + GST
BR - 8000 + 6000 (Govt.duty) + GST

","GST-- 7000 + 6000 (Govt.duty) + GST
BR-- 8000 + 6000 (Govt.duty) + GST

","rupeshrai@registerkaro.com","",""
"86d29pq4q","SS Spaces","FSMYS01","2 Maruthi complex, Maruthi temple circle, TK layout, Saraswathipuram, Mysuru, Karnataka 570009",14000,16000,12000,"","https://www.google.com/search?q=ss+spaces+mysore&rlz=1C1CHMD_enIN1135IN1135&oq=SS+SPACES+&gs_lcrp=EgZjaHJvbWUqCQgAEEUYOxiABDIJCAAQRRg7GIAEMgcIARAAGIAEMgYIAhBFGDkyBwgDEAAYgAQyBwgEEAAYgAQyBwgFEAAYgAQyDQgGEAAYhgMYgAQYigUyBwgHEAAY7wUyCggIEAAYgAQYogTSAQk3ODMwajBqMTWoAgiwAgHxBfCdEx8XmZDj8QXwnRMfF5mQ4w&sourceid=chrome&ie=UTF-8","[Mysuru]","Arun Ranga ","99168 49069","","https://t1851686.p.clickup-attachments.com/t1851686/b3c958c1-b5c5-411b-a35c-2b22cc020b0e/WhatsApp%20Image%202026-03-12%20at%201.20.54%20PM%20(2)%20(1).pdf","","","ssspacesindia@gmail.com","",""
"86d01wcaz","Sector 63, Noida - Crystaa","","63m, Ivent, C-030, C Block, Sector 63, Noida, Hazratpur Wajidpur, Uttar Pradesh 201309, India",10000,12000,8000,5500,"https://maps.app.goo.gl/Z696iX7hECoe36CcA","[Noida ]","Ankit ","+91 92660 14881","","https://t1851686.p.clickup-attachments.com/t1851686/8fcfa2fa-4367-4d1d-9e27-ba0ddc613726/Sector%2063%20Noida.pdf","GST Registration - 5.5k
Business Registration - 6.5k
 Mailing Address - 4.5k


","PTR not Available
","crystatower@gmail.com","https://t1851686.p.clickup-attachments.com/t1851686/260314d1-d6c3-4faa-87b6-5548e4fac846/Lastest%20Electricity%20Bill%20(1).pdf
https://t1851686.p.clickup-attachments.com/t1851686/4508cd4b-dbf8-46a1-9901-048b761b9be3/C30%20block%20c%20sector%2063%20crystaa%20offices.pdf
https://t1851686.p.clickup-attachments.com/t1851686/8df8cf14-8181-44a1-8e1e-b2564dc78aef/Adobe%20Scan%20%2031-10-2025.pdf
https://t1851686.p.clickup-attachments.com/t1851686/598d31e6-5cee-40cd-90fd-97c2659f36e7/Adobe%20Scan%20%2031-10-2025%20(1).pdf
https://t1851686.p.clickup-attachments.com/t1851686/f4804424-6351-4919-b5c5-ef32bb5a3d9d/Adobe%20Scan%20%2027-08-2025.pdf
https://t1851686.p.clickup-attachments.com/t1851686/a59a42db-dd50-4a6b-ac38-ac1d6630de8e/Adobe%20Scan%20%2027-08-2025%20(1).pdf","https://t1851686.p.clickup-attachments.com/t1851686/11e85224-2f13-4f1e-9b44-3444af773899/Ssp%20solutions.pdf"
"86d0wp5n6","Workshala- sector 3","FSNOD02","D-9, Vyapar Marg, Block D, Noida Sector 3, Noida, Uttar Pradesh 201301, India",12000,14000,10000,6500,"https://maps.app.goo.gl/VQ4GUXADxQsTBSRT9?g](https://maps.app.goo.gl/VQ4GUXADxQsTBSRT9?g)\_st=iw","[Noida ]","Vicky Shah/Surabhi","+91 84593 80001","","https://t1851686.p.clickup-attachments.com/t1851686/6cbd06dc-707b-4860-9900-d68b3ef5aa72/Noida.pdf","₹8000 for GST and Business Registration Package 
 ₹7000 for Mailing Address.

Open Dedicated Space: ₹5,500 + GST per seat, 
 Private Cabins: ₹6,000 + GST per seat

","","mohitbhargav28@gmail.com","","https://t1851686.p.clickup-attachments.com/t1851686/31820387-f60b-426c-b1b0-888ec4254243/Sample%20agreement%20.pdf"
"86d01wcb6","Sector 3 - MyWorX","","B-7, 1st floor, metro station, B-7, next to sector-15, B Block, Sector 2, Noida, Uttar Pradesh 201301, India",12000,12000,8000,7000,"https://maps.app.goo.gl/SFyYxUu1UEToPZK39","[Noida ]","","","","","Gst and Br - 9k
Mailing - 5k
","PTR not Available
","","",""
"86d2ca1nk","Sector 16 - Registerkaro","FSNOD01","OFFICE NO – 101, FIRST FLOOR, AT, SEVEN WONDER BUSINESS CENTER, PLOT NO. A-61, A Block, Sector 16, Noida, Uttar Pradesh 201301",11000,12000,10000,"","https://www.google.com/search?q=Sector+16+-+Registerkaro&sca_esv=1adef8e379bc2b5a&rlz=1C1CHMD_enIN1135IN1135&ei=hRu9aaPOO5qKnesPid_9iAs&biw=1280&bih=585&ved=0ahUKEwjjpOTpnK6TAxUaRWcHHYlvH7EQ4dUDCBE&uact=5&oq=Sector+16+-+Registerkaro&gs_lp=Egxnd3Mtd2l6LXNlcnAiGFNlY3RvciAxNiAtIFJlZ2lzdGVya2FybzIEEAAYRzIEEAAYRzIEEAAYRzIEEAAYRzIEEAAYRzIEEAAYRzIEEAAYRzIEEAAYR0ioCVD7Alj7AnABeAKQAQCYAQCgAQCqAQC4AQPIAQD4AQGYAgKgAiXCAgoQABhHGNYEGLADmAMA4gMFEgExIECIBgGQBgiSBwEyoAcAsgcAuAcAwgcDMy0yyAcdgAgB&sclient=gws-wiz-serp","[Noida ]","","","","","","","","",""
"86d2ca2q1","Sector 62 - Alt F","FSNOD04","C-20, 1/1A, Coast Guard Golf Ground Rd, C Block, Phase 2, Industrial Area, Sector 62, Noida, Uttar Pradesh 201309",15000,20000,10000,7500,"https://www.google.com/search?q=Alt+F+sector+62&sca_esv=610e065ca637291f&rlz=1C1CHMD_enIN1135IN1135&biw=1280&bih=585&ei=D_e8adzvEeS8seMP5Lqx2Qs&ved=0ahUKEwics9SG-q2TAxVkXmwGHWRdLLsQ4dUDCBE&uact=5&oq=Alt+F+sector+62&gs_lp=Egxnd3Mtd2l6LXNlcnAiD0FsdCBGIHNlY3RvciA2MjIKEAAYRxjWBBiwAzIKEAAYRxjWBBiwAzIKEAAYRxjWBBiwAzIKEAAYRxjWBBiwAzIKEAAYRxjWBBiwAzIKEAAYRxjWBBiwAzIKEAAYRxjWBBiwAzIKEAAYRxjWBBiwA0iqA1AAWABwAXgAkAEAmAGsAaABrAGqAQMwLjG4AQPIAQCYAgGgAhaYAwCIBgGQBgiSBwExoAfPBbIHALgHAMIHAzMtMcgHEIAIAQ&sclient=gws-wiz-serp","[Noida ]","","","","","","","","",""
"86d2ca3dj","Sec 142 - Alt F","FSNOD05","Ground Floor, Plot No. 21 & 21A, Sector 142, Noida, Uttar Pradesh 201304",12000,16000,10000,5000,"https://www.google.com/search?q=alt+f+sector+142+noida&rlz=1C1CHMD_enIN1135IN1135&oq=Alt+F+sec+142+&gs_lcrp=EgZjaHJvbWUqCAgCEAAYFhgeMgYIABBFGDkyCggBEAAYChgWGB4yCAgCEAAYFhgeMgoIAxAAGAoYFhgeMggIBBAAGBYYHjIKCAUQABgKGBYYHjIICAYQABgWGB4yDQgHEAAYhgMYgAQYigUyCggIEAAYgAQYogQyBwgJEAAY7wXSAQo0NTYyNWowajE1qAIIsAIB8QVTSSe2_HV1XPEFU0kntvx1dVw&sourceid=chrome&ie=UTF-8","[Noida ]","","","","","","","","",""
"86d2ca3mr","Sec 58 - Alt F","FSNOD06","A100, A Block, Sector 58, Noida, Uttar Pradesh 201309",12000,16000,10000,8500,"https://www.google.com/search?q=Alt+F+sector+58&sca_esv=610e065ca637291f&rlz=1C1CHMD_enIN1135IN1135&biw=1280&bih=585&ei=DPq8aaCBM-GiseMP9Mi72Aw&ved=0ahUKEwigt9nz_K2TAxVhUWwGHXTkDssQ4dUDCBE&uact=5&oq=Alt+F+sector+58&gs_lp=Egxnd3Mtd2l6LXNlcnAiD0FsdCBGIHNlY3RvciA1ODIOEC4YgAQYxwEYrwEYjgUyBRAAGIAEMgUQABiABDIGEAAYFhgeMgYQABgWGB4yCBAAGBYYHhgKMgYQABgWGB4yBhAAGBYYHjICECYyCxAAGIAEGIoFGIYDMh0QLhiABBjHARivARiOBRiXBRjcBBjeBBjgBNgBAUiOGFCVBVjkEnABeAGQAQCYAZUCoAGsBqoBBTAuMy4xuAEDyAEA-AEBmAIEoALcBcICChAAGEcY1gQYsAPCAhMQLhhDGK8BGMcBGIAEGIoFGI4FwgILEC4YrwEYxwEYgATCAiIQLhhDGK8BGMcBGIAEGIoFGI4FGJcFGNwEGN4EGOAE2AEBmAMAiAYBkAYIugYGCAEQARgUkgcHMS4xLjEuMaAHlzCyBwcwLjEuMS4xuAfGBcIHBTMtMy4xyAdNgAgB&sclient=gws-wiz-serp","[Noida ]","","","","","","","","",""
"86d2ca3tw","Sec 68 - Alt F","FSNOD07","A-5, Grovy Optiva, Block A, Sector 68, Noida, Basi Bahuddin Nagar, Uttar Pradesh 201316","","","",7000,"https://www.google.com/search?q=Alt+F+sector+68&sca_esv=610e065ca637291f&rlz=1C1CHMD_enIN1135IN1135&biw=1280&bih=585&ei=ffq8aYO0CaKgnesPz8CJiQ0&ved=0ahUKEwjD5qCp_a2TAxUiUGcHHU9gItEQ4dUDCBE&uact=5&oq=Alt+F+sector+68&gs_lp=Egxnd3Mtd2l6LXNlcnAiD0FsdCBGIHNlY3RvciA2ODIGEAAYFhgeMgYQABgWGB4yBhAAGBYYHjICECYyCxAAGIAEGIoFGIYDMgsQABiABBiKBRiGAzILEAAYgAQYigUYhgMyCBAAGIAEGKIEMggQABiABBiiBEiWEFD4A1jbCnABeACQAQCYAesBoAHSB6oBBTAuMy4yuAEDyAEA-AEBmAIEoALUBcICChAAGEcY1gQYsAPCAg4QLhivARjHARiABBiOBcICCxAuGK8BGMcBGIAEwgIFEAAYgATCAhMQLhiABBiKBRhDGMcBGK8BGI4FwgIKEAAYgAQYigUYQ8ICHRAuGK8BGMcBGIAEGI4FGJcFGNwEGN4EGOAE2AEBwgIIEAAYFhgeGAqYAwCIBgGQBgi6BgYIARABGBSSBwUxLjEuMqAHhDKyBwUwLjEuMrgHqwXCBwU0LTMuMcgHf4AIAQ&sclient=gws-wiz-serp","[Noida ]","","","","","","","","",""
"86d08j821","Oplus Cowork","FSPTN01","J366+73C, 3rd floor, RK Niwas, Bailey Rd, Rupaspur, Ramjaipal Nagar, Danapur Nizamat, Patna, Bihar 801503, India",18000,20000,12000,"","https://maps.app.goo.gl/VduGSHA3MejL4Agk9","[Patna]","Jiya Verma","+91 70702 90470","","https://t1851686.p.clickup-attachments.com/t1851686/657bed56-2314-4600-bdbb-3454e8ac2969/Pune.pdf","15,200 - Business registration 
10k - mailing 

we get coworking for:
open desk:4,000+gst/per seat
cabin: 14,500+gst(3 seater)
meeting room:450+gst/per hour(8 seater)
conference room:900+gst/per hour(20 seater)
day pass:350+gst
notary charges:1500
esign accepted



","","connect@opluscowork.com","https://t1851686.p.clickup-attachments.com/t1851686/f3f4a45a-6fa6-42c5-8fd6-394de13fc9f8/Glow%20%26%20Style%20Agreement.pdf","https://t1851686.p.clickup-attachments.com/t1851686/b3fc1b45-a788-4bcf-897b-cb2d69a34b0f/Glow%20and%20style%20Draft%20Agreement.docx"
"86d01we73","Divine Coworking","FSPUN01","Cosmos gardens, Plot no. 26, next to Foundree Preschool Road, near Cafe Peter, Baner, Pune, Maharashtra 411069, India",18000,18000,14000,10000,"https://maps.app.goo.gl/nqzuYbyAJqTH9n8fA","[Pune]","Sanjana","+91 9067675558","","https://t1851686.p.clickup-attachments.com/t1851686/b987227a-6e37-4112-8d54-4ec81ac0836c/Pune%20(1).pdf","GST , BR- 13,100
Mailing - 9k 

The prices at which we get: 
open desk-5,500+gst
directors cabin-25,000+gst[2 seater]
cabin: 11,000 for 2 seater [open desk x seats]
meeting room: complimentary for cws clients| 400+gst/per hour
day pass: 500+gst
e-sign accepted 
                                     


","","","",""
"86d0qn59h","Namdhari Spaces,zirakpur","FSPNB02","D9, CCC, VIP Rd, Zirakpur, Punjab 140603",14000,"",10000,7000,"","[Punjab]","","8651140092","","","8k- GST
 7k - Mailing Address

The prices at which we get:                                      
15,000+gst- For three seater cabin
4,000+gst/pm-for open desk 
500+gst/per hour- meeting room


","","prabhji@namdharigroup.co.in","",""
"86d08jgtb","Sanogic Coworking,zirakpur","FSPNB03","","","","",7000,"https://www.google.com/maps/place/30%C2%B038'43.9%22N+76%C2%B048'53.5%22E/@30.6455195,76.8122981,17z/data=!3m1!4b1!4m4!3m3!8m2!3d30.6455195!4d76.814873?hl=en&entry=ttu&g_ep=EgoyMDI1MTAyMi4wIKXMDSoASAFQAw%3D%3D","[Punjab]","Vishwajeet Sharma ","9873715670, 8810245259","","https://t1851686.p.clickup-attachments.com/t1851686/31bc958f-7733-4210-8236-e78898e04249/zirakpur.pdf","10k-GST and BR
8k-Mailing 

we get coworking for:
open desk: 5,000+gst
day pass: 500
","","vishwajeetsharma@gmail.com","https://t1851686.p.clickup-attachments.com/t1851686/03216ca0-3907-4170-8158-6be70275ecb8/Property%20Tax%20Receipt%202025-26%20(1).pdf
https://t1851686.p.clickup-attachments.com/t1851686/c1643214-5686-44a8-ae0c-c3f735400203/pspcl_bill_ENG_3009184521.pdf
https://t1851686.p.clickup-attachments.com/t1851686/a39b4b0c-f555-4d86-bae4-1acea7f6585d/Registry_Plot%20No%2031%20Zirak%20pur.pdf",""
"86d0w36ee","WorkYard Coworking, Zirakpur","FSPNB04","1st and 2nd Floor, City Plaza, SCO 1, Peer Muchalla Rd, near DMart Sector 5, Sector 20, Zirakpur, Sanau0li, Punjab 140603, India","","","",7000,"http://google.com/maps?ll=30.658681,76.858228&z=16&t=m&hl=en&gl=IN&mapclient=embed&cid=10543712989186726406","[Punjab]","Hemant ","6283381092","","","we get coworking for:
dedicated desk: 3500+gst/monthly
private desk: 4200+gst/monthly
floating desk: 3000+gst/montly
serviced private team cabin:17500+gst/monthly 4 seater 
manager cabin: 15,000+gst/monthly
day pass : 300 +gst
meeting pods : 200+gst/ hourly (4-5 seater)
hourly pass : 100+gst

","","accounts@goyco.org","https://t1851686.p.clickup-attachments.com/t1851686/abce315e-7a4c-4024-b511-9ad12a48f4c9/DECLARATION%20OF%20COWORKING%20ZRK(shyl%20collective%20pvt%20ltd)%20(3).pdf
https://t1851686.p.clickup-attachments.com/t1851686/3c2481dd-9702-4b63-bce3-71bf54c7bd7b/NOC%20FOR%20GST%20Zrk(shyl%20collective%20private%20limited)%20(1).pdf
https://t1851686.p.clickup-attachments.com/t1851686/4af63280-4d5e-4c03-8fd9-b13599e17445/SHYL%20COLLECTIVE%20NOTARIZED%20AGREEMENT.pdf",""
"86d1t53au","RegisterKaro","FSPNB01","Office No. 715, Seventh Floor, Blok D&E, Chandigarh Citi center, VIP Road, Zirakpur, Punjab, India-140603",13000,14000,"","","","[Punjab]","Rupesh","92117 05920","","https://t1851686.p.clickup-attachments.com/t1851686/6aa3d225-9998-4227-8b3d-54ee024fb3ac/Punjab%20Vo.pdf","GST - 8000+ GST 
BR - 8000 + GST
","","rupeshrai@registerkaro.com","",""
"86d0dhbgg","CoSpaces","FSUTKD01","75/1, Shiv Nagar, Araghar, Dalanwala, Dehradun, Uttarakhand 248001, India",16000,16000,10000,6500,"https://www.google.com/maps/place/CoSpaces+Dehradun/@30.3062963,78.0459798,17z/data=!3m1!4b1!4m6!3m5!1s0x390929e720b96085:0xec5abfd045791948!8m2!3d30.3062963!4d78.0485547!16s%2Fg%2F11y3ssyq1d?entry=ttu&g_ep=EgoyMDI1MDkyMi4wIKXMDSoASAFQAw%3D%3D","[Uttarakhand]","Abhishek Bhatt","+91 84301 21626","","https://t1851686.p.clickup-attachments.com/t1851686/457c4132-93e6-49bd-960a-a867be587772/CoSpaces%20-%20Dehradun.pdf","","","alpineabhishek@gmail.com","",""
"86d19q1bw","HawkisH Coworking Space","","","","","","","","","","9052155669","","","","","sales@hawkish.in","",""
"86d08jk5c","RAINBOW COWORKING","","","","","","","","","","","","","","","","",""
"86d0wdrub","Delhi Near CP Video.mp4","","","","","","","","","","","","","","","","",""
"86d29pfj6","SDFGHJ","","","","","","","","[]","","","","","","","","",""
"86d236a46","Cabin 24/7","","","","","","","","","","","","","","","","",""
"86d236bke","We work","","","","","","","","","","","","","","","","",""